{"cameraMode":{"drawMode":0,"name":"Shaded","section":"Shading Mode"},"sceneLighting":true,"audioPlay":false,"sceneViewState":{"showFog":true,"showMaterialUpdate":false,"showSkybox":true,"showFlares":true,"showImageEffects":true,"showParticleSystems":true},"in2DMode":false,"pivot":{"x":-0.20469486713409425,"y":-10.229696273803711,"z":0.10145388543605805},"rotation":{"x":-0.18849968910217286,"y":0.36221981048583987,"z":-0.07505685836076737,"w":-0.909751832485199},"size":3.6961517333984377,"orthographic":false}