{"cameraMode":{"drawMode":0,"name":"Shaded","section":"Shading Mode"},"sceneLighting":true,"audioPlay":false,"sceneViewState":{"showFog":true,"showMaterialUpdate":false,"showSkybox":true,"showFlares":true,"showImageEffects":true,"showParticleSystems":true},"in2DMode":false,"pivot":{"x":9.335354804992676,"y":11.138361930847168,"z":-5.027992248535156},"rotation":{"x":-0.4787609279155731,"y":0.040288377553224567,"z":-0.021988164633512498,"w":-0.8767616152763367},"size":3.6961517333984377,"orthographic":false}